RNO.PA	TSLA
14.740885	NA
14.264421	NA
14.844307	NA
15.254289	NA
15.028984	NA
15.335546	NA
15.102853	NA
14.301357	NA
13.252394	NA
12.772236	NA
12.269916	NA
12.122172	NA
11.058435	NA
11.353918	NA
10.522873	NA
10.415761	NA
10.692777	NA
10.659535	NA
11.996593	NA
10.966097	NA
11.198791	NA
10.740792	NA
10.977178	NA
11.582918	NA
11.361306	NA
12.284689	NA
13.163748	NA
12.292075	NA
11.996593	NA
11.926416	NA
12.063076	NA
11.597692	NA
10.751873	NA
10.197843	NA
9.972537	NA
9.400041	NA
8.384318	NA
8.461882	NA
8.339995	NA
8.694576	NA
8.513592	NA
7.933708	NA
7.804433	NA
8.362156	NA
7.822901	NA
8.000191	NA
7.841369	NA
8.953121	NA
9.710298	NA
9.78786	NA
9.66228	NA
10.039021	NA
10.452696	NA
10.364051	NA
10.674308	NA
11.087983	NA
11.494272	NA
11.117534	NA
11.564449	NA
12.007672	NA
12.498912	NA
11.176629	NA
11.438869	NA
12.402882	NA
14.131455	NA
15.760303	NA
15.911739	NA
15.291224	NA
16.148125	NA
16.739088	NA
16.473152	NA
15.963449	NA
16.162895	NA
17.802826	NA
15.963449	NA
16.055786	NA
16.414057	NA
16.657829	NA
17.215553	NA
16.94223	NA
16.059479	NA
16.55072	NA
18.150017	NA
19.391045	NA
19.97093	NA
19.620045	NA
19.738237	NA
19.232224	NA
18.38271	NA
18.172178	NA
16.801878	NA
17.437168	NA
17.714182	NA
17.913631	NA
18.700357	NA
19.088175	NA
18.733597	NA
19.402124	NA
19.243303	NA
19.413206	NA
19.723461	NA
19.56464	NA
19.989395	NA
21.810307	NA
22.368032	NA
21.869404	NA
21.769678	NA
22.722612	NA
21.850937	NA
21.385553	NA
21.876793	NA
22.689367	NA
22.493612	NA
21.27844	NA
20.717022	NA
20.214703	NA
19.874899	NA
19.963543	NA
18.393791	NA
18.31992	NA
19.00692	NA
19.221142	NA
19.047544	NA
19.309788	NA
19.331949	NA
19.830576	NA
18.877644	NA
18.548918	NA
18.209114	NA
18.234968	NA
16.872055	NA
16.798183	NA
16.543331	NA
16.87575	NA
17.5886	NA
18.489822	NA
18.89242	NA
19.19898	NA
19.173126	NA
20.218397	NA
20.118671	NA
20.665314	NA
20.720715	NA
20.325508	NA
19.937687	NA
21.067909	NA
21.378164	NA
22.1021	NA
25.193583	NA
24.920263	NA
24.34038	NA
24.717119	NA
24.229572	NA
24.259121	NA
23.250786	NA
23.634916	NA
24.809456	NA
23.527802	NA
22.899902	NA
23.524109	NA
23.247091	NA
24.458572	NA
25.10494	NA
25.090166	NA
24.957197	NA
24.248041	NA
23.487173	NA
24.067057	NA
23.195383	NA
22.175966	NA
21.858322	NA
21.274748	NA
22.360643	NA
23.258171	NA
23.084576	NA
24.683878	NA
24.499201	NA
24.602619	NA
23.926704	NA
24.037506	NA
25.348713	NA
24.887018	NA
24.007959	NA
23.601673	NA
23.874992	NA
23.472397	NA
23.453931999999998	NA
22.995932	NA
23.513025	NA
23.697704	NA
23.538881	NA
23.387447	NA
22.718918	NA
22.6709	NA
23.501947	NA
23.889767	NA
24.839003	NA
24.986746	NA
26.039404	NA
26.017246	NA
26.803961	NA
26.659918	NA
26.368126	NA
27.140078	NA
27.165932	NA
26.164984	NA
25.466906	NA
25.887966	NA
25.16773	NA
23.900846	NA
22.212904	NA
22.988544	NA
22.60442	NA
22.589643	NA
22.257223	NA
23.176918	NA
23.638607	NA
23.368979	NA
23.952555	NA
23.243401	NA
23.055029	NA
23.612755	NA
24.092913	NA
24.853783	NA
24.303444	NA
24.598927	NA
23.93409	NA
23.631222	NA
24.53244	NA
24.576767	NA
24.513973	NA
23.313576	NA
23.760492	NA
23.786348	NA
24.739281	NA
25.208359	NA
25.596178	NA
26.286869	NA
26.116966	NA
25.814096	NA
25.337635	NA
25.854725	NA
25.995079	NA
26.227774	NA
26.412449	NA
26.552803	NA
26.224083	NA
25.574017	NA
25.633114	NA
26.357044	NA
26.323801	NA
26.556498	NA
26.549107	NA
26.567581	NA
26.464159	NA
26.741175	NA
28.218588	NA
28.299845	NA
28.994232	NA
29.322954	NA
29.093954	NA
28.964684	NA
28.336781	NA
29.17152	NA
29.226923	NA
28.517761	NA
29.01639	NA
28.366331	NA
27.273043	NA
26.667301	NA
26.371822	NA
25.90274	NA
25.832565	NA
25.008909	NA
25.071697	NA
25.308083	NA
26.08742	NA
26.072643	NA
26.09111	NA
24.912876	NA
23.745722	NA
24.107681	NA
24.602619	NA
24.211105	NA
22.899902	NA
21.83247	NA
22.345869	NA
22.958996	NA
23.413303	NA
23.834366	NA
23.852833	NA
23.55735	NA
22.560097	NA
22.826029	NA
21.732744	NA
22.308939	NA
22.356951	NA
22.936834	NA
23.376366	NA
23.368979	NA
24.296057	NA
24.366234	NA
24.144623	NA
24.465956	NA
24.576767	NA
25.04215	NA
24.798376	NA
25.359793	NA
25.618338	NA
25.441048	NA
25.208359	NA
24.916569	NA
25.193583	NA
24.968279	NA
26.246239	NA
26.257318	NA
26.371822	NA
25.706984	NA
25.633114	NA
26.224083	NA
27.236105	NA
26.962786	NA
26.353354	NA
26.419834	NA
25.976612	NA
26.065258	NA
25.928595	NA
25.972919	NA
25.455826	NA
25.175119	NA
26.316418	NA
25.858419	NA
25.381954	NA
27.121605	NA
27.812298	NA
26.741175	NA
25.670052	NA
26.24255	NA
26.157595	NA
26.286869	NA
24.598927	NA
24.34038	NA
23.93409	NA
23.649687	NA
24.580458	NA
24.658022	NA
24.842701	NA
24.857471	NA
23.16214	NA
22.837112	NA
22.866659	NA
21.780758	NA
21.078985	NA
21.263666	NA
21.241503	NA
19.771481	NA
20.310736	NA
21.555456	NA
21.536985	NA
21.70689	NA
21.326456	NA
21.666262	NA
22.423433	NA
21.566534	NA
21.363396	NA
21.038361	NA
21.625631	NA
22.467758	NA
22.619192	NA
23.232319	NA
23.657076	NA
23.542578	NA
23.701399	NA
24.296057	NA
25.160345	NA
24.997824	NA
24.802071	NA
23.852833	NA
23.16214	NA
23.889767	NA
22.563787	23.889999
22.741079	23.83
21.836161	21.959999
22.286772	19.200001
22.179663	NA
22.992239	16.110001
23.745722	15.8
24.436409	17.459999
24.713427	17.4
24.997824	17.049999
26.057873	18.139999
25.910128	19.84
25.444744	19.889999
25.056923	20.639999
24.550909	21.91
24.144623	20.299999
24.488119	20.219999
25.311777	21
25.777161	21.290001
26.105888	20.950001
25.718065	20.549999
25.610952	20.719999
24.853783	20.35
25.289614	19.940001
25.477987	20.92
26.349657	21.950001
25.585096	21.26
25.489067	20.450001
24.905485	19.59
25.537083	19.6
25.411503	19.030001
24.654327	17.9
24.366234	17.6
24.495508	18.32
24.46965	18.780001
25.034763	19.15
25.186197	18.77
24.661715	18.790001
23.982105	19.1
24.377312	20.129999
23.830667	19.200001
23.553656	19.9
23.823282	19.75
24.037506	19.700001
23.716167	19.870001
23.68293	19.48
24.968279	20.450001
25.267458	21.059999
25.429968	21.049999
25.370872	NA
25.11602	20.540001
25.245295	20.9
26.039404	20.709999
26.512177	20.17
26.56019	20.719999
26.408756	21.120001
26.888914	21.98
26.357044	20.940001
26.670994	20.23
27.184395	21.059999
27.346914	20.77
26.789194	19.870001
27.136381	19.559999
27.579601	20.1
27.716265	20.530001
27.25827	21.4
27.291512	21.98
27.882471	20.41
27.213943	20.6
26.253628	20.99
27.199173	21.120001
26.973866	20.459999
29.252773	20.43
28.547312	20.43
28.720909	20.24
28.986841	20.24
29.193678	20.540001
28.495602	20.75
28.979452	20.540001
28.935133	20.23
29.662758	20.049999
30.301741	20.65
30.80406	20.75
31.550152	20.719999
31.904734	20.85
30.959188	21.360001
30.006256	21
29.230618	21.190001
29.492859	21.84
29.300791	21.41
28.816938	21.25
28.724602	21.77
29.38574	24.9
29.917612	24.440001
30.545513	24.98
31.856718	24.629999
31.092154	29.360001
31.040443	28.040001
30.630465	29.84
31.114317	30.799999
30.231562	29.67
30.552902	29.49
31.690506	29.889999
31.878881	30.99
32.35165	33.400002
31.439344	34.57
31.937977	35.470001
32.440296	NA
31.760685	35.32
30.467947	34.330002
29.828964	35.330002
31.358086	34.349998
32.580643	32.349998
32.381199	31.49
32.927841	30.309999
33.685017	31.559999
33.238098	32.369999
32.248226	32.049999
32.517857	31.52
33.241791	30.549999
32.857662	28.530001
32.251926	29.6
32.429222	30.809999
31.845634	31.360001
31.949057	31.700001
32.765331	32.259998
33.204853	32.630001
33.068195	30.09
32.089405	25.549999
31.875185	26.41
32.041397	27.73
32.089405	26.5
NA	26.629999
32.56218	26.620001
33.197468	26.67
33.574215	26.83
34.586235	27.879999
34.903881	28.24
35.088558	28.450001
36.447769	26.959999
35.827263	26.959999
35.64259	26.219999
35.986088	25.75
35.975002	NA
35.779247	25.639999
35.635204	24.030001
34.623173	22.620001
34.756142	23.040001
34.955593	24.49
35.361877	24.68
36.525345	24.75
36.510567	24.92
35.299091	24.01
35.299091	24.1
34.988831	23.91
33.980499	23.940001
34.837399	23.629999
35.066391	23.459999
35.428364	23.07
36.484715	24.49
35.882671	23.209999
34.903881	23.219999
34.423721	23.25
33.943562	23.08
33.733036	22.84
33.847527	24.73
33.515114	23.6
33.234402	23.18
33.160534	NA
33.156837	21.870001
31.952751	21.83
31.099543	22.530001
31.72744	23.610001
32.809647	23.889999
32.078331	23.940001
31.579702	24.02
31.738525	24.360001
31.147558	24.950001
30.704334	24.940001
31.210348	24.66
31.601862	24.719999
30.641541	24.01
30.102285	24.07
28.200117	23.25
27.738426	22.950001
26.597126	22.82
27.753204	22.809999
28.174269	22.959999
28.632261	22.73
27.87509	22.190001
27.9231	22.209999
28.373714	22.33
27.982201	22.75
27.686716	23.25
28.362633	23.92
28.610102	23.709999
28.816938	27.75
29.507629	26.66
29.370972	25.83
29.245388	26.700001
29.311872	26.49
29.186293	27.24
29.448538	26.49
28.798475	25.27
27.886168	24.65
27.974815	24.93
28.177959	25.139999
27.490961	25.58
26.807659	25.030001
26.829817	25.16
27.989592	25.75
28.362633	26.74
NA	26.389999
29.134584	26.93
30.227865	27.08
30.046886	27.66
30.390381	27.6
30.423624	27.450001
30.275885	26.870001
30.139223	26.690001
29.300791	26.440001
30.017336	27.120001
29.766178	27.91
30.168772	28.33
30.131561	27.07
29.755756	27.67
30.347376	27.549999
29.811569	26.6
29.260883	25.959999
29.480417	26.35
29.61808	28.200001
29.37623	27.969999
28.472059	26.82
28.792051	26.719999
29.179026	28.98
28.810656	29.48
29.071119	29.549999
28.866467	NA
29.335299	30.139999
29.089725	28.52
28.204157	28.76
28.401363	30.129999
28.077644	28.700001
27.943693	28.370001
27.329752	27.120001
27.686956	27.620001
27.087894	27.860001
26.652555	28.43
27.307425	28.6
27.311146	27.32
27.426495	26.5
27.549284	26.5
27.530674	26.01
28.334389	27.530001
29.149256	27.209999
28.788334	27.709999
29.145533	27.57
29.424597	27.459999
29.789244	28.110001
30.217142	28.290001
30.425512	29.129999
30.354815	29.02
30.77527	NA
30.607834	29.139999
30.28784	28.959999
30.124123	29.73
29.171583	28.809999
28.1409	28.35
28.271132	28.17
28.241365	28.639999
27.601374	27.610001
27.530674	27.58
26.793947	27.23
27.407892	27.889999
27.478588	28.690001
27.772535	28.700001
28.315783	29.290001
28.297176	28.49
27.512075	28
26.641392	27.639999
27.843233	28.17
27.731606	28.17
27.597654	28.77
26.317678	27.34
25.476759	27.200001
23.783766	24.75
23.292612	24.24
21.134514	23.639999
21.536366	25.059999
20.286154	23.82
21.491714	25.299999
21.748455	26.309999
22.116819	26.23
21.681479	26.1
21.569855	25.83
19.854534	24.26
18.924318	22.299999
18.38479	21.950001
18.407118	22.959999
19.255476	23.870001
19.497334	23.110001
19.58663	23.73
19.791281	24.709999
19.884302	24.629999
21.115906	24.74
20.661961	24
19.87686	23.07
18.648975	NA
17.979219	22.940001
19.207106	23.84
19.571749	23.610001
18.321541	22.969999
18.105728	22.879999
18.600605	24.08
19.065714	24.34
20.159647	24.82
19.943834	25.799999
19.865694	25.77
20.17453	26.01
19.40803	25.85
18.235958	25.629999
18.343863	26.379999
18.061075	25.52
19.545702	26.190001
18.905712	24.59
19.359659	24.120001
18.656414	24.389999
18.109449	23.73
16.624823	23.66
17.655504	25.370001
18.972691	26.959999
19.095476	26.99
19.984764	27.879999
20.085228	27.610001
20.30476	27.799999
19.7057	27.940001
20.446152	28.049999
19.821049	27.42
19.541983	28.34
19.75407	27.57
19.400591	27.34
20.479639	28.030001
21.060093	28.549999
20.978237	28.25
21.357765	27.98
22.555882	28.76
23.564236	29.870001
22.656345	29.370001
20.613592	28.879999
21.577295	28.709999
22.447977	32.459999
22.16147	32.310001
21.960545	31.27
21.532642	31.84
20.82568	30.879999
20.583824	31.33
21.487993	33.639999
21.324276	33.220001
20.30476	33.93
20.122437	34.939999
19.515938	33.68
19.329889	32.599998
18.224798	31.76
17.919683	32.07
17.428532	31.450001
17.889919	NA
18.046194	31.66
19.337334	32.560001
19.608959	31.75
20.650799	32.740002
20.613592	32.599998
21.387531	33.299999
22.113098	34.419998
22.038683	34.869999
21.506598	34.189999
20.464754	30.889999
21.190323	31.040001
20.122437	30.41
20.234064	29.450001
19.348495	28.530001
19.341055	28.620001
19.121523	28
18.753159	27.75
19.940115	27.9
19.839651	27.57
19.75779	27.77
19.958717	27.9
19.96244	28.57
19.240591	28.51
19.601515	28.73
19.943834	28.559999
20.535452	NA
21.127068	28.08
20.706614	27.709999
20.554056	27.120001
21.067537	26.91
20.981955	27.25
21.949383	27.620001
22.03124	28.23
22.310305	28.25
22.317745	22.790001
22.972622	NA
23.575401	26.6
23.731676	26.809999
24.129807	26.76
24.29353	26.6
24.777239	26.77
24.29353	27.42
24.423756	27.969999
25.316767	28.940001
24.847937	29.33
24.334455	29.57
24.233994	29.07
25.432112	29.58
25.930712	30.25
26.857204	31.15
27.59021	31.799999
27.314869	31.6
27.37068	31.93
27.575327	32.580002
26.819992	31.1
27.024639	31.49
26.418144	33.169998
26.939062	33.599998
28.148342	34.18
29.614357	34.970001
30.566904	NA
30.511093	34.5
29.941801	34.220001
29.23856	34.529999
29.722265	33.75
29.071119	33.619999
29.82645	33.810001
29.573431	33.41
30.150164	34.41
30.001331	34.040001
29.707382	33.77
28.297176	33.110001
28.814377	33.119999
30.659929	33.07
31.058058	34.740002
30.961321	36.009998
31.38549	36.09
32.010597	35.290001
31.541775	35
31.247822	35.32
30.924105	34.98
29.882265	34.959999
30.28784	35.150002
29.272039	34.400002
29.990168	34.080002
30.432955	37.400002
30.142727	37.939999
29.707382	37.849998
28.866467	37.330002
29.413437	37.240002
29.02647	36.580002
29.022747	38.009998
27.727882	35
28.259964	34.48
NA	33.150002
26.611624	32.459999
26.965107	33.09
27.79858	33.439999
26.756739	33.59
26.786505	32.25
27.556725	32.240002
27.162313	32.66
26.637671	33.16
26.414421	33.16
25.07863	31.940001
25.737223	31.82
26.284187	32.91
25.744667	33.490002
26.54837	33.34
25.543736	33.130001
NA	33.779999
25.18281	33.939999
25.391178	32.459999
24.181898	31.83
24.628407	32.470001
23.504702	30.190001
23.441448	30.059999
24.418819	32.959999
25.63957	32.25
24.615839	30.059999
24.299065	29.43
24.411095	29.18
24.117496	28.57
23.634605	27.559999
24.739458	28.77
26.296299	30.799999
25.778643	31.02
25.666611	30.280001
26.025881	29.809999
26.076103	NA
27.130733	31.690001
26.72897	30.41
26.180403	29.5
26.168816	28.15
25.40778	27.879999
25.828861	27.91
26.292437	29.219999
26.547401	28.93
25.92544	30.08
25.39233	29.120001
24.975109	29.66
23.935926	29.77
23.603699	29.389999
24.028643	29.91
24.113632	31.84
25.21076	32.09
25.909988	33.779999
25.241665	32.189999
24.360872	33.790001
23.25602	33.110001
22.819485	31.610001
23.159443	31.959999
23.001051	31.41
24.29134	31.290001
24.693098	30.4
25.620253	30.66
26.110868	NA
25.508221	31.23
24.882399	30.99
24.85149	31.49
25.214624	31.27
24.917162	31.51
24.928751	32.700001
24.948071	34.25
25.369148	35.959999
25.612526	33.349998
25.882944	32.150002
26.667158	32.27
26.099279	31.790001
25.461866	30.66
25.419369	29.84
25.492767	28.950001
26.110868	28.129999
27.768148	29.51
27.857002	27.35
27.49773	27.42
27.659981	26.25
26.481731	26.1
27.041882	27.27
28.285807	28.27
28.590998	30.25
28.602583	29.09
28.683716	29.41
28.598722	29.940001
28.776424	31.17
28.780289	29.42
28.633492	29.4
29.236139	30.299999
29.506556	30.01
28.942537	29.51
29.402256	29.110001
29.552914	29.950001
29.552914	30.73
28.873005	29.5
29.282494	28.32
29.209099	28.690001
29.429295	28.41
28.382387	28.41
28.714621	28.52
28.448061	NA
27.872456	28.139999
27.656115	27.940001
29.22068	28.549999
29.765385	29.35
29.854237	27.370001
29.649494	27.799999
30.43371	28.280001
30.429842	29.48
32.12962	30.389999
31.453568	32.540001
30.182604	31.34
30.862513	31.049999
30.209644	30.9
30.619139	30.02
30.306223	30.66
30.209644	27.66
28.788015	27.540001
28.641216	28.49
28.216276	29.280001
28.270357	29.16
28.057888	29.799999
27.91881	29.299999
28.096516	29.4
28.409428	28.889999
27.455236	29.25
27.180954	28.370001
26.887356	28.4
27.235039	28.32
26.543539	27.639999
27.687023	27.33
27.412741	28.059999
28.123558	28.82
28.822781	28.040001
28.780289	27.74
28.366938	27.85
27.644531	28.389999
27.629078	27.42
27.331617	27.52
26.841	27.379999
26.377424	NA
26.601486	NA
26.663296	28.129999
26.991661	29.25
27.265945	28.92
26.802366	31.5
27.095964	31.15
26.991661	31.540001
26.543539	31.309999
26.458548	30.32
26.269257	31.07
26.033606	31.610001
25.81727	31.379999
25.967934	30.82
26.265394	31.84
27.783602	32.919998
27.74111	33
28.703026	32.470001
29.259317	NA
29.506556	32.130001
29.209099	32.27
29.359758	32.150002
28.772562	33.23
29.305676	33.689999
29.711304	33.82
29.317261	34.619999
28.981169	33.900002
29.297947	33.709999
29.66881	33.900002
29.680397	34.169998
30.093752	34.57
30.518694	35.279999
30.619139	35.259998
31.074984	33.610001
31.523111	33.810001
32.295731	34.400002
31.673771	34.59
32.160526	34.610001
31.646729	34.43
31.654455	34
NA	34.279999
NA	33.59
31.542419	33.689999
31.152248	33.220001
NA	33.869999
31.341539	35.360001
31.801252	34.77
31.499928	34.400002
31.275867	34.34
30.650045	33.68
30.905012	33.639999
31.233372	33.529999
31.020905	32.91
31.57719	33.259998
32.13348	33.900002
31.534695	34.099998
32.280281	34.380001
33.686459	34.52
33.632378	NA
33.416042	35.189999
32.836571	36
33.018143	36.990002
33.991646	36.98
33.995506	38.029999
34.432041	37.950001
34.748814	37.52
34.316147	37.509998
34.795174	38.299999
33.655552	37.740002
33.763721	38.130001
34.296833	39.169998
34.088223	39.48
33.686459	39.240002
33.454674	38.419998
33.145626	37.889999
33.373547	38.450001
35.927074	38.27
37.174858	37.040001
37.545723	NA
37.862499	39.279999
38.044071	38.540001
36.618572	35.16
36.599255	36.110001
36.827175	34.380001
36.027512	34.43
36.885132	35.099998
37.561176	34.830002
37.653893	34.650002
37.13623	35.580002
38.596493	36.650002
39.898365	37.689999
39.689758	38.23
41.88401	38.470001
41.737213	39.099998
41.88401	39.119999
41.350899	38.98
41.551785	36.849998
40.547375	35.290001
41.065029	35.150002
40.763702	35.080002
41.54406	35.950001
39.434788	36.009998
39.488873	36.619999
38.839867	37.529999
38.893951	37.860001
38.078831	38.16
37.762051	37.889999
NA	43.93
37.935898	44.34
37.80069	41.099998
38.924862	42.009998
38.322205	41.369999
37.35643	41.830002
37.572765	40.5
37.904999	41.860001
39.063938	43.59
38.275852	43.75
36.618572	43.299999
36.236126	45.59
34.93425	45.450001
34.799038	46.970001
35.981159	47.830002
36.811726	50.189999
38.237221	51.009998
39.048477	50.43
40.323307	52
40.454659	51.200001
41.659946	54.939999
40.423752	53.990002
NA	53.279999
40.191967	54.110001
41.451347	54.549999
41.095936	59.5
41.783573	55.509998
41.273636	55.790001
40.972313	69.400002
41.842709	76.760002
42.95266	87.800003
44.7174	83.239998
46.713711000000004	84.839996
47.26469	92.25
48.941593	91.5
49.612354	89.940002
49.724148	87.589996
49.612354	87.239998
47.639996	92.730003
47.312603	97.080002
47.51223	NA
49.085327	110.330002
47.67992	104.629997
47.392452	104.949997
47.719849	97.760002
46.721695	92.589996
47.528202	94.839996
46.985207	95.370003
46.649826	97.349998
47.56813	102.040001
48.063217	100.050003
46.098843	94.470001
44.685452	97.730003
44.549709	98.18
45.068748	100.300003
45.739506	102.199997
46.21064	103.389999
45.803387	104.68
42.7131	100.650002
41.299713	99.550003
40.205723	101.489998
42.745041	102.400002
42.146149	105.720001
42.257935	109.25
41.283737	107.360001
41.978455	117.18
42.457569	117.82
43.000565	115.239998
44.653515	NA
43.87096	120.089996
44.421944	121.610001
45.963093	123.449997
45.715549	122.269997
44.757324	125.610001
45.340244	129.899994
45.228451	127.260002
45.380177	109.050003
45.404133	120.25
46.498104	119.029999
46.226604	119.68
46.146759	122.43
46.066902	122.739998
47.392452	121.699997
47.655968	124.07
47.224766	129.389999
48.031277	134.619995
47.815674	131.740005
47.248718	134.279999
48.278816	135.550003
49.971695	138
49.628323	144.679993
48.230911	142.149994
47.392452	134.229996
47.783733	153.479996
47.40044	153
47.70388	147.380005
48.39061	145.429993
49.532501	139.360001
48.941593	139.669998
49.580414	142
48.646137	144.899994
47.464325	149.580002
47.216778	147.860001
47.943436	157.100006
47.552158	161.839996
47.320587	164.220001
45.076733	167.009995
43.950813	166.449997
44.110523	166.059998
43.184227	169
43.192215	NA
42.417645	168.940002
42.641232	170.619995
45.116657	169.929993
45.747494	166.970001
46.633854	160.699997
47.12096	166.369995
47.520218	163.520004
46.713711000000004	164.929993
47.576115	165.539993
47.552158	166.580002
46.434227	166.229996
47.240734	166.220001
48.933605	177.919998
48.566284	183.389999
48.071205	181.110001
48.127102	182.330002
48.286804	185.240005
48.111126	188.639999
47.919483	190.899994
47.057072	193.369995
47.83165	193
47.272682	180.949997
47.51223	173.309998
48.837788	180.979996
49.468624	183.070007
49.005474	174.729996
49.668251	168.779999
51.83226	172.929993
52.023903	178.699997
52.311375	179.720001
53.421322	183.940002
54.052155	183.559998
54.339622	182.800003
54.611115	183.399994
54.315662	172.600006
54.323647	171.539993
53.860508	164.5
54.515293	173.149994
52.790478	169.660004
50.826111	162.860001
51.129551	164.470001
51.592693	159.220001
51.512848	159.940002
48.941593	162.169998
48.877708	175.199997
47.791721	176.809998
48.151054	151.160004
49.197117	139.770004
48.789871	137.949997
48.861744	144.699997
49.077343	137.800003
48.813831	138.699997
48.765919	137.600006
49.221077	135.449997
49.891838	121.580002
50.466774	126.089996
49.700191	121.110001
50.362968	122.099998
51.448959	121.379997
52.167633	120.839996
51.760384	120.5
51.94405	126.940002
51.704494	NA
52.135693	127.279999
51.776356	124.169998
49.404739	144.699997
49.109283	138.949997
48.294792	140.479996
48.53434	137.360001
48.270832	141.600006
47.136925	142.190002
46.474152	139.649994
45.587788	147.470001
45.547867	147.649994
45.619732	147.940002
45.819363	152.460007
46.418259	147.979996
45.851299	140.720001
45.995033	143.240005
46.51408	143.550003
46.554005	151.410004
NA	155.5
46.737663	151.119995
46.314445	152.440002
46.673782	150.429993
46.458179	150.100006
46.713711000000004	149.559998
46.218624	147
48.454491	149.360001
49.02943	151.279999
48.526363	147.529999
50.259163	145.720001
51.720455	139.339996
52.063824	161.270004
52.24749	164.130005
52.990116	170.970001
54.499329	170.009995
54.299698	NA
54.211857	176.679993
54.427464	178.559998
53.549084	181.5
50.92992	174.600006
50.442818	169.619995
52.167633	178.380005
51.975986	175.229996
52.103752	182.839996
51.712475	181.410004
50.0755	177.110001
49.548473	178.729996
49.364811	174.419998
50.730289	178.380005
51.153503	186.529999
50.450809	196.559998
51.904118	196.619995
52.606823	195.320007
55.545395	199.630005
57.6535	198.229996
57.924999	NA
58.292316	203.699997
59.066898	193.639999
58.579792	209.970001
59.146751	209.600006
59.090843	217.649994
59.098827	248
59.226585	253
58.124626	252.539993
57.661488	244.809998
54.539257	250.559998
55.880779	254.839996
57.485813	252.660004
57.254234	252.940002
55.665173	246.210007
54.89859	238.839996
55.657188	234.410004
54.443428	241.490005
52.822426	237.789993
52.071812	230.970001
53.628933	233.979996
55.553379	240.039993
55.138149	235.839996
54.890602	234.910004
54.020214	228.889999
52.215546	220.169998
54.108051	220.440002
55.02636	212.960007
55.369713	207.320007
56.519596	212.369995
56.32795	208.449997
57.014687	216.970001
57.294163	230.289993
56.567505	225.399994
58.236423	212.229996
57.437901	207.520004
57.094536	215.460007
59.322426	216.929993
58.236423	204.190002
58.252392	203.779999
56.311974	198.089996
55.297855	193.910004
57.485813	199.110001
58.587772	198.119995
NA	204.380005
60.232735	218.639999
59.298466	207.990005
58.292316	207.860001
56.942806	199.850006
56.343922	198.509995
56.799076	206.919998
56.016525	207.889999
56.016525	207.729996
55.896748	210.910004
54.786793	216.610001
54.339622	207.279999
54.387531	201.350006
55.50547	178.589996
54.603134	182.259995
54.7342	184.669998
55.954697	190.160004
55.799065	190.619995
54.177189	188.589996
52.882965	191.559998
53.177853	196.089996
54.562183	195.300003
55.700771	199.449997
55.823639	204.880005
56.495327	207.300003
57.289879	NA
56.994995	211.559998
56.855751	210.240005
56.143101	210.240005
56.569046	207.770004
56.421604	204.699997
56.265972	204.940002
56.397026	203.990005
57.748589	206.899994
58.846222	208.169998
58.027096	205.309998
57.519234	202.300003
56.929459	204.470001
57.027763	203.520004
56.110329	206.419998
55.602474	224.610001
56.118526	231.669998
56.76564	227.119995
56.274155	227.789993
55.905552	229.589996
55.528755	237.220001
55.250248	232.5
54.570377	236.889999
54.783344	235.600006
55.22567	239.059998
54.087086	240.059998
56.560856	239.720001
56.978611	229.429993
57.846893	229.25
57.805931	NA
57.86327	222.660004
56.110329	219.070007
56.143101	223.059998
55.889175	219.460007
56.536274	218.130005
57.199776	226.699997
57.846893	219.580002
58.985474	217.160004
58.125385	215.399994
57.429131	220.020004
56.59362	220.539993
56.814789	219.580002
57.298073	222.490005
57.666683	223.539993
56.872124	223.570007
56.929459	224.820007
54.291866	225.009995
52.350533	228.919998
51.089073	223.300003
49.303371	233.270004
50.622169	238.520004
50.065163	238.490005
48.557961	248.929993
47.501289	252.389999
47.632351	248.130005
48.140209	259.320007
47.386608	259.959991
47.402992	260.309998
47.943615	261.380005
47.132683	262.01001
48.320419	259.940002
48.902	256.76001
48.672642	255.710007
49.598259	254.339996
49.909527	256.779999
50.155266	262.549988
50.851528	261.73999
50.933441	263.25
50.278137	263.859985
48.803707	269.700012
47.312889	NA
48.164783	284.119995
49.17231	281.190002
50.016014	286.040009
51.334808	277.390015
50.966202	282.109985
49.540924	278.480011
49.180504	281.100006
49.262417	280.309998
48.820084	279.200012
48.328606	253.860001
47.919044	260.73999
48.041912	261.380005
48.828281	263.820007
48.689026	259.320007
48.435093	250.029999
47.558628	250.410004
48.017338	252.139999
48.172977	246.949997
48.279461	246.600006
48.254887	245.259995
46.977043	242.679993
45.854843	240.240005
44.495083	251.419998
45.1422	255.210007
45.019325	260.619995
45.191341	259.570007
44.757202	259.279999
44.7654	257.01001
43.569469	236.910004
43.561275	224.589996
44.323074	227.059998
42.553753	229.699997
42.905975	226.350006
44.617954	227.479996
44.364025	230.470001
45.289646	235.339996
45.772926	231.100006
45.527191	235.289993
45.174965	235.240005
44.39679	221.669998
45.215919	242.770004
45.535378	238.100006
46.862362	238.660004
48.517006	241.699997
48.205738	242.589996
48.557961	238.929993
48.664452	230.970001
49.475395	241.220001
48.312229	240.199997
49.090397	241.929993
48.377758	251.080002
48.017338	249.100006
47.927235	251.699997
48.574348	258.679993
48.435093	253.979996
49.565495	257.700012
49.573681	247.740005
49.786655	248.710007
51.121838	242.779999
52.129368	246.720001
52.440636	248.089996
52.366913	248.440002
52.522556	NA
52.850197	244.520004
52.506168	231.639999
51.228321	231.429993
50.892483	229.300003
50.712276	228.279999
52.751904	223.710007
52.473396	214.360001
51.121838	216.889999
50.523876	209.839996
50.679508	208.880005
49.131355	207
47.542248	204.039993
47.198212	197.809998
47.812561	205.820007
49.16412	218.259995
49.688366	219.289993
49.385281	222.600006
50.056969	220.970001
49.950481	222.259995
NA	227.820007
49.770275	225.710007
49.319752	222.229996
49.581879	222.410004
49.06583	219.309998
47.353848	210.089996
47.108105	211.279999
47.001617	210.949997
48.820084	210.619995
48.197548	206.660004
48.639881	202.210007
50.409195	204.25
48.959339	192.690002
50.515678	191.869995
51.555981	193.070007
52.342342	NA
52.227665	191.929993
53.292526	196.570007
55.307583	201.619995
56.503517	201.289993
56.462563	206.550003
55.823639	205.979996
56.8885	199.369995
57.158821	205.199997
55.872787	203.600006
56.110329	210.940002
57.470093	218.360001
57.617527	218.550003
58.256451	220.990005
58.281025	217.360001
55.889175	217.479996
56.544468	216.289993
56.691917	212.800003
63.236755	202.880005
64.997879	203.770004
65.530319	NA
66.365829	204.350006
68.077805	204.460007
69.101715	211.710007
69.748833	217.110001
69.650536	207.339996
69.57682	204.110001
67.741966	203.759995
69.04438	207.190002
70.32222	203.339996
69.904465	197.330002
68.061424	199.559998
69.57682	202.440002
69.388412	200.630005
70.354988	193.880005
71.223259	190.880005
70.977531	190.320007
73.844475	193.740005
73.361191	191.070007
72.927048	188.679993
73.721603	195.699997
71.157745	194.729996
68.05323	200.710007
68.479172	195.649994
68.708534	198.080002
67.094856	199.630005
68.045044	201.720001
66.783585	194.300003
68.68396	190.410004
68.55291	185
70.51062	190.570007
69.437561	188.770004
68.290787	187.589996
69.347458	191
NA	203.100006
69.838936	203.25
70.502426	207.669998
72.329094	210.089996
73.262901	210.899994
73.164597	209.779999
73.008972	207.460007
73.385765	207.830002
75.540077	206.699997
74.057449	206.789993
74.327751	205.270004
77.36673	209.410004
77.243866	219.440002
76.662277	218.600006
79.521042	218.429993
79.488281	231.550003
77.997459	230.479996
75.548271	232.449997
77.08004	226.050003
NA	226.029999
76.588562	230.509995
75.368065	232.949997
75.351669	230.429993
76.146225	236.800003
77.637039	236.610001
78.144897	239.490005
76.441109	244.740005
75.997955	243.179993
76.349136	244.100006
75.931061	248.839996
76.767212	248.75
80.697136	247.139999
80.973061	244.350006
82.3778	245.619995
82.620277	247.729996
82.578476	NA
82.034981	247.460007
82.335991	247.429993
80.730583	251.449997
79.04155	250.800003
79.258957	249.449997
78.907768	248.350006
79.743927	248.990005
78.12178	245.919998
77.176933	249.139999
75.596603	256.290009
77.477943	256
78.523132	250.699997
79.476349	251.410004
79.158607	250.690002
77.302353	250.380005
78.21376	253.119995
76.708687	260.410004
75.805641	261.890015
77.051506	262.51001
79.835892	259.790009
81.458038	267.670013
80.847641	265.170013
81.441307	268.790009
82.034981	267.089996
78.82415	262.019989
78.113426	268.26001
81.140297	269.149994
80.253975	280.019989
79.484711	NA
78.732185	279.720001
75.813995	267.880005
72.394135	254.960007
73.999557	257.920013
76.257164	259.149994
76.85083	262.160004
76.05648	265.649994
76.390945	263.140015
78.180313	266.679993
77.962906	274.660004
78.456238	282.26001
78.874321	266.769989
78.514778	267.869995
78.163597	267.200012
76.240433	265.410004
73.748703	253.009995
74.66011	264.820007
75.546432	263.820007
69.509399	266.790009
70.05291	266.149994
70.71347	259.98999
71.432564	266.279999
73.907578	270.130005
72.93763	246.130005
73.464417	242.509995
73.731979	241.139999
70.939224	237.369995
68.196648	238.169998
68.798676	242.509995
69.609741	243.149994
68.68998	254.990005
68.280258	260.720001
65.939034	255.25
62.861984	242.179993
61.833515	230.770004
57.719643	218.869995
61.48233	220.029999
60.654549	224.839996
63.664696	242.990005
63.397121	248.479996
61.950581	249.059998
60.010708	238.630005
59.090935	247.690002
61.08099	245.570007
59.224731	241.929993
59.868553	NA
61.97567	248.169998
63.681416	248.910004
62.519169	248.479996
61.90041	250.240005
61.181313	253.190002
62.042561	253.570007
63.572716	262.25
64.601189	262.070007
61.875324	260.619995
59.910366	264.200012
55.645992	260.940002
54.349949	261.059998
53.371651	263.119995
54.533905	256.910004
51.992001	248.429993
52.44352	246.649994
53.513798	248.399994
54.224522	239.880005
53.915154	247.570007
54.935257	246.149994
58.095921	241.460007
62.034203	231.960007
61.448887	226.720001
62.502441	220.690002
64.341972	215.580002
64.392159	219.25
63.572716	216.880005
65.671463	221.309998
64.843681	227.009995
65.303543	228.100006
65.25338	213.029999
65.989197	210.089996
67.870537	211.720001
69.16658	209.089996
68.430771	215.259995
68.146477	210.350006
68.062851	212.960007
68.104668	211.630005
71.683403	206.929993
74.710281	213.789993
75.454453	208.350006
76.089928	231.630005
77.661896	231.770004
77.745514	232.360001
75.019661	225.330002
75.395927	216.5
75.253777	219.080002
74.476166	212.940002
75.00293	207.190002
75.136719	214.309998
76.750488	214
76.942802	221.070007
77.402695	221.800003
77.778961	220.009995
78.004723	217.75
76.282249	218.25
75.69693	229.639999
78.330826	NA
78.665283	231.610001
79.860977	230.259995
79.484711	237.190002
79.258957	231.990005
76.45784	232.710007
77.636818	230.380005
78.891045	231.130005
77.084953	226.720001
76.951172	224.520004
77.544838	227.070007
73.447685	217.020004
71.491089	218.580002
73.564751	221.089996
74.300568	234.509995
76.441109	233.389999
76.859192	230.460007
76.608345	232.559998
76.825745	229.949997
78.882668	229.699997
79.64357	230.570007
78.096695	228.949997
78.865959	237.190002
78.874321	238.089996
NA	240.009995
74.635025	223.410004
74.785538	223.429993
73.08815	219.039993
71.466003	215.649994
70.044548	211
70.87233	207.850006
72.929276	209.970001
72.461029	200.309998
65.010902	206.179993
62.820179	204.990005
62.017467	NA
64.066048	204.720001
62.293411	198.699997
65.027626	199.970001
66.122986	202.550003
65.771805	196.380005
67.67823	193.559998
67.970879	188.070007
65.119598	189.699997
65.161407	191.199997
65.755081	196.940002
64.51757	182.779999
63.020855	173.479996
60.938835	175.330002
61.390358	162.600006
57.878517	147.990005
57.686203	148.25
59.92709	143.669998
57.569138	150.470001
57.134342	151.039993
61.515781	NA
61.925495	155.169998
66.833717	168.679993
67.402298	166.770004
66.499252	166.580002
68.046135	177.740005
67.10965	177.210007
65.169769	179
65.813606	187.429993
69.208389	190.339996
70.353928	191.929993
71.591431	186.350006
72.427582	188.339996
72.176727	195.740005
72.711868	201.039993
73.163399	205.289993
69.986008	202.600006
69.735161	208.720001
66.373825	205.179993
68.924103	207.5
70.420815	215.149994
70.278671	218.339996
71.93425	221.929993
71.073013	226.380005
71.700119	232.740005
71.499458	238.320007
73.640007	234.240005
72.787125	222.580002
70.738548	227.75
NA	230.259995
71.524536	230.130005
73.447685	226.889999
73.012878	229.770004
71.273689	237.589996
71.93425	246.990005
68.41404	255.470001
68.58963	265.420013
67.009308	257.200012
68.397324	250.070007
68.89901	249.919998
70.144882	247.820007
72.703506	254.529999
73.665085	251.860001
72.302155	254.509995
73.606552	253.880005
75.253777	247.369995
74.459427	249.970001
73.338989	248.289993
73.02961	253.75
73.581467	251.820007
73.941017	253.740005
74.007912	251.470001
73.798866	247.710007
70.470978	240.759995
70.429176	241.800003
68.522743	232.320007
68.029419	222.559998
67.251793	211.529999
67.753479	214.929993
67.419022	208.919998
68.781952	208.690002
67.962524	208.960007
68.715057	207.279999
69.550529	207.610001
69.119873	208.289993
67.009674	204.660004
67.121643	211.169998
68.086304	215.210007
68.809807	220.279999
68.026016	216.220001
70.299866	217.910004
71.600433	219.580002
73.503922	225.119995
72.298096	223.039993
73.340286	NA
72.642616	223.229996
71.548759	219.559998
71.927742	218.960007
69.145714	218.990005
69.231842	220.679993
71.402344	232.339996
70.19651	235.520004
68.53418	229.360001
67.259445	218.789993
65.579903	217.869995
64.012321	214.960007
63.848675	217.699997
64.210434	217.929993
65.614357	215.470001
67.931274	219.699997
67.836525	219.610001
67.380035	196.660004
70.282639	196.399994
60.713516	193.149994
57.044353	198.550003
58.844482	201.789993
58.8531	210.190002
58.947842	212.279999
61.738476	216.5
59.542137	NA
57.319973	213.979996
56.295017	214.440002
56.673996	215.940002
59.92112	216.779999
61.299206	224.779999
63.814224	224.649994
63.340504	222.529999
64.529114	221.529999
64.072617	220.399994
64.623848	226.25
63.926189	225.259995
65.752167	228.360001
66.243111	220.5
65.020058	222.270004
65.821068	230.009995
66.312012	229.509995
68.542801	228.490005
65.571289	230.610001
67.397255	234.789993
66.65654	230.009995
64.391304	227.199997
63.650574	225.789993
63.90897	230.610001
66.415375	230.029999
65.924431	226.160004
66.441216	229.080002
65.355965	225.649994
66.21727	224.910004
65.459312	225.610001
66.225876	225.589996
64.107063	223.610001
63.245758	223.240005
63.4697	223.509995
63.047661	225
63.616123	222.929993
62.875397	224.839996
63.056274	222.619995
62.255253	220.960007
62.918472	219.990005
62.487816	215.199997
63.185471	211.339996
63.142406	212.009995
62.685917	200.770004
63.926189	197.779999
64.554939	NA
64.201813	202.830002
64.270721	201.710007
64.046776	197.360001
63.60751	194.470001
62.651459	198.300003
62.031311	196.050003
61.066654	196.410004
61.187241	200.419998
59.740246	205.399994
61.1614	206.339996
60.739357	204.639999
61.953804	205.220001
63.495544	206.429993
62.341385	207.449997
60.928844	208.990005
61.359501	205.809998
62.530884	206.270004
62.212196	200.699997
62.995987	204.029999
63.306053	213.699997
65.097572	211.410004
66.036392	208.460007
65.976105	201
65.373192	196.610001
66.036392	200.949997
65.691872	200.100006
65.028671	201.509995
63.797001	200.240005
65.243996	196.509995
65.493774	193.960007
66.036392	199.100006
66.690987	203.559998
66.828804	199.100006
66.21727	200.089996
66.742668	202.759995
66.070847	202.339996
68.163818	202.240005
68.35331	204.009995
68.387764	199.970001
68.137985	197.729996
66.647926	190.789993
64.486046	188.020004
65.002823	187.419998
64.606628	190.559998
66.518738	193.210007
66.346466	194.940002
64.942535	190.059998
62.617004	185.350006
63.78838	188.559998
63.090725	181.449997
63.865902	183.770004
63.521378	183.929993
63.969254	188.660004
64.038162	185.020004
63.59029	184.520004
64.589401	191.169998
63.59029	193.139999
63.168243	NA
63.185471	196.649994
63.392181	196.119995
63.745319	189.570007
64.029549	189.399994
65.123413	181.880005
63.977879	181.470001
65.709099	186.800003
67.233612	185.850006
68.990677	193.149994
70.894173	192.289993
70.136215000000007	192.179993
69.705559	192.429993
70.747734	198.149994
71.428177	198.690002
72.410065	197.580002
73.426414	202.490005
73.262756	202.729996
74.02932	208.789993
73.900124	207.699997
73.512535	208.449997
73.460861	213.339996
73.503922	219.529999
73.323044	219.740005
72.642616	214.679993
72.789047	213.690002
73.297211	NA
74.218803	216.990005
73.831223	226.990005
74.167137	226.75
74.348007	229.009995
73.831223	231.279999
75.855301	229.869995
76.268723	229.729996
74.287712	229.589996
72.143059	237.75
71.652115	NA
72.685684	235.580002
73.081886	238.360001
74.055168	243.759995
74.046547	244.729996
74.459976	248.919998
74.503044	254.610001
75.700256	254.470001
74.744209	252.509995
73.598671	252.949997
72.453133	250.630005
71.815765	251.929993
73.168015	249.240005
73.202469	251.550003
73.064659	251.330002
72.056931	257.769989
71.152557	257.480011
72.005249	262.079987
71.307594	269.200012
72.186127	269.230011
75.364349	280.600006
77.672653	280.980011
76.527107	279.76001
75.932816	268.950012
75.002602	272.230011
74.451363	NA
74.81311	277.390015
74.459976	273.51001
73.564224	255.990005
72.272263	257
72.220573	246.229996
72.099991	249.990005
74.416916	250.020004
73.969025	250.479996
75.209312	251.570007
74.192978	251.210007
74.442749	248.589996
73.770927	246.869995
73.495316	244.899994
72.926849	243.690002
74.244652	246.169998
73.495316	258
70.799423	255.729996
68.430824	262.049988
67.741791	261.5
68.671997	261.920013
68.430824	250.679993
68.473892	255.009995
69.490242	254.779999
69.636658	263.160004
69.421333	270.220001
70.437675	277.450012
70.230957	277.380005
70.205124	277.920013
70.136215000000007	278.299988
70.007019	298.519989
68.990677	303.700012
67.595367	295
67.535072	298.700012
68.034622	302.540009
68.215492	312.390015
67.922661	308.709991
68.267181	296.839996
67.173317	304
NA	301.440002
67.216385	300.25
68.413605	305.519989
69.731407	302.51001
69.300743	305.600006
71.505692	308.029999
71.677956	313.790009
72.039703	310.170013
71.109489	308.630005
73.736481	314.070007
NA	322.829987
72.987137	318.890015
72.125832	311.019989
72.582329	295.459991
73.598671	308.350006
73.305824	307.190002
73.228302	321.26001
73.857063	325.220001
75.88974	323.100006
76.02755	324.809998
76.432365	315.880005
75.562454	317.01001
74.925079	306.109985
74.236046	313.059998
74.382462	310.829987
74.46859	310.350006
73.900124	303.859985
73.788162	310.220001
73.598671	316.829987
72.926849	325.140015
72.901009	NA
73.150795	335.100006
71.565987	341.01001
73.047424	340.369995
73.391953	339.850006
73.202469	347.320007
72.013863	352.850006
72.857941	359.649994
72.21196	370
72.444519	357.320007
74.072388	359.01001
72.074158	375.950012
71.230072	380.660004
70.782196	375.339996
71.445396	371.399994
71.410957	369.799988
70.713295	372.23999
71.788101	376.399994
72.773338	382.609985
72.012016	383.450012
72.173241	377.48999
71.689575	362.369995
72.137413	371.23999
71.447739	360.75
70.981995	361.609985
72.3255	352.619995
72.065758	NA
71.510445	327.089996
72.647949	308.829987
72.773338	313.220001
72.504639	316.049988
72.97039	327.220001
74.161636	329.519989
74.412415	323.410004
74.708	327.779999
75.603668	319.570007
74.44825	328.23999
74.421379	325.26001
74.672165	329.920013
72.621078	328.399994
72.397156	342.519989
72.253845	339.600006
72.871864	343.850006
72.585243	334.459991
68.895081	335.070007
68.214371	323.470001
68.563683	319.570007
67.972534	325.890015
67.596359	347.089996
67.77549	356.910004
68.03524	355.170013
68.142715	365.220001
67.757584	363.529999
67.515747	355.399994
66.835037	357.869995
67.479919	363.799988
67.972534	362.329987
68.48307	362.910004
68.294983	351.920013
67.712791	347.459991
67.166428	337.859985
67.50679	341.350006
67.605316	352.769989
67.462006	352.929993
67.47097	348.049988
67.676964	345.660004
66.521545	347.359985
66.521545	353.179993
66.593201	355.899994
66.852943	355.399994
67.139565	NA
67.085823	349.589996
69.101082	344.529999
69.39666	350.609985
69.074219	343.399994
69.145866	363.690002
70.399811	362.75
70.337112	366.230011
70.865562	377.640015
71.877663	379.809998
72.289673	385
72.800209	375.100006
72.961426	373.910004
73.615273	366.480011
73.00621	351.089996
72.853943	344.98999
73.677971	345.25
73.516747	340.970001
73.543617	339.600006
74.439293	341.100006
74.913994	341.529999
75.487221	348.140015
76.37394	355.01001
76.66951	355.329987
77.045685	356.880005
76.741165	342.940002
76.329155	355.589996
76.167938	354.600006
75.693237	355.679993
75.818626	355.570007
76.320198	350.600006
76.78595	355.75
77.341263	359.649994
75.863403	351.809998
74.788597	345.100006
74.699036	337.019989
74.869209	337.339996
74.340767	325.839996
75.469315	326.170013
75.961929	320.869995
75.890282	320.079987
76.257507	331.529999
77.565186	321.079987
77.565186	299.26001
80.610466	306.089996
80.655251	302.779999
80.753777	306.049988
79.052002	304.390015
77.206917	302.98999
76.570984	302.98999
76.024628	315.399994
76.400818	308.700012
75.343918	311.299988
76.356026	312.5
76.10524	315.049988
77.735359	308.73999
77.359184	317.809998
76.705338	312.600006
76.597855	NA
76.911346	315.549988
75.83654	316.809998
76.320198	317.549988
76.839691	307.540009
76.472458	308.850006
74.519897	306.529999
76.338112	305.200012
76.024628	303.700012
75.16478	313.26001
74.797562	311.23999
75.603668	315.130005
75.388695	328.910004
75.863403	341.029999
76.006714	339.029999
76.176895	337.890015
75.102081	343.450012
76.006714	338.869995
75.594711	331.100006
74.851303	328.980011
75.657402	331.660004
75.397659	325.200012
NA	317.290009
74.949821	311.640015
74.940865	315.359985
75.15583	311.350006
75.057304	320.529999
75.317047	317.25
76.329155	314.619995
78.102585	316.579987
79.240089	336.410004
80.21637	333.690002
78.899734	334.799988
78.550415	337.950012
79.338615	336.220001
79.311752	NA
80.431335	340.059998
80.279068	347.160004
79.902885	344.570007
80.870216	350.019989
81.756927	351.559998
81.344917	352.790009
81.04039	345.890015
79.840187	337.640015
80.288025	342.850006
80.413422	349.529999
79.446098	345.820007
79.329659	354.309998
79.15052	349.25
78.44294	343.75
77.618927	333.130005
74.949821	333.970001
76.633682	345
74.44825	315.230011
73.964584	310.420013
76.194801	315.730011
75.782799	323.660004
77.117348	322.309998
77.063606	334.070007
78.639992	335.48999
78.720596	NA
77.833885	334.769989
77.153175	333.299988
77.869713	346.170013
78.631035	352.049988
78.469818	357.420013
79.41922	350.98999
80.144722	343.059998
80.610466	330.929993
79.302788	335.119995
78.917648	333.350006
80.073067	328.200012
84.587257	332.299988
85.823273	329.100006
85.044044	327.170013
85.079872	345.51001
84.399162	341.839996
84.694725	326.630005
85.473969	325.600006
85.276917	321.350006
84.632034	313.559998
85.303787	310.549988
84.220024	316.529999
83.010864	309.100006
82.527206	301.540009
82.804863	304.179993
83.655754	279.179993
83.396011	257.779999
88.223679	266.130005
NA	252.479996
86.36068	267.529999
85.473969	286.940002
88.331161	305.720001
88.447594	299.299988
86.297981	289.660004
86.002411	304.700012
83.619926	300.929993
84.08567	294.079987
84.282722	300.339996
84.282722	291.209991
84.802216	287.690002
84.587257	293.350006
84.640991	300.079987
84.300636	290.23999
84.542465000000007	283.369995
83.628891	283.459991
83.082527	280.690002
82.455551	285.480011
79.858109	294.079987
80.467155	293.899994
NA	299.920013
80.610466	301.149994
80.126808	284.450012
80.073067	294.089996
80.386551	302.769989
79.83123	301.970001
79.302788	306.850006
79.177399	305.019989
79.714798	301.059998
79.41922	291.970001
79.517746	284.179993
79.392349	286.480011
82.204758	284.540009
81.4524	276.820007
81.810669	284.48999
82.285378	275.01001
77.878662	279.070007
76.570984	277.850006
76.696381	278.850006
76.320198	NA
74.833382	283.76001
74.949821	291.720001
74.009369	284.730011
74.905037	291.820007
75.19165	296.73999
74.922951	291.130005
74.967728	319.5
75.684273	316.089996
74.788597	317.660004
74.260155	332.100006
74.251198	342.769989
74.887123	344.779999
75.979851	357.720001
75.12896	358.170013
74.260155	370.829987
73.131607	352.549988
72.388199	362.220001
71.779266	347.51001
71.872948	333.630005
70.027412	333.01001
69.85878	342
69.793205	344.5
68.687752	349.929993
68.228714	342.950012
67.713455	335.070007
67.825881999999993	310.859985
68.725227	NA
70.720657	309.160004
69.746361	308.899994
69.409103	318.51001
70.3834	322.470001
68.743958	318.959991
68.631546	316.709991
68.950066	318.869995
68.987534	310.100006
69.053116	322.690002
69.85878	323.850006
69.43721	320.230011
68.612808	313.579987
68.631546	303.200012
69.053116	297.429993
67.572937	308.73999
68.584702	306.649994
69.868149	297.179993
70.224144	290.170013
70.533295	298.140015
69.081215	300.839996
67.825881999999993	349.540009
67.797775	348.170013
67.638512	341.98999
68.135033	379.570007
68.622177	370.339996
68.28492	352.450012
68.275551	355.48999
67.357468	356.410004
66.776634	347.640015
66.242645	338.690002
66.692329	335.450012
67.638512	305.5
68.200607	308.440002
68.80954	321.899994
68.275551	321.640015
67.029579	320.100006
67.479256	322.820007
68.472282	319.269989
69.811935	311.859985
69.924355	305.01001
69.980568	303.149994
69.512154	301.660004
68.753334	NA
67.797775	288.950012
67.694725	280.73999
67.301254	280.950012
67.160736	263.23999
67.404305	285.5
65.746132	279.440002
66.045914	290.540009
67.151367	289.459991
69.071854	295.200012
69.174896	294.839996
70.392769	284.959991
72.050949	299.019989
73.062706	298.329987
71.507591	299.100006
70.795601	299.679993
69.390373	300.98999
69.671417	309.579987
69.914986	307.519989
69.793205	264.769989
69.624573	310.700012
69.502792	301.019989
69.081215	294.799988
68.350494	281.829987
67.741562	261.950012
67.329369	250.559998
67.067047	262.799988
66.626747	256.880005
66.18644	252.229996
66.626747	258.779999
66.636108	259.589996
66.851585	276.589996
64.743736	271.779999
64.547005	263.910004
62.551571	260
61.605385	260.950012
60.98708	294.140015
59.075966	288.5
60.396885	314.859985
60.424988	330.899994
61.502335	334.850006
61.708435	329.899994
61.895798	337.320007
61.802116	344.279999
62.08316	346.410004
61.764645	341.399994
61.108871	341.059998
60.884029	348.160004
61.380543	351.399994
60.837193	350.51001
60.640461	331.279999
61.624119	338.730011
61.539806	344
61.108871	348.440002
60.424988	354.309998
55.328682	353.470001
54.672905	347.48999
55.272469	338.190002
55.36615	NA
56.630863	325.829987
58.176617	346
57.698837	343.920013
58.064198	347.869995
58.457664	341.170013
58.129776	350.480011
57.951778	358.48999
56.677704	359.700012
56.106239	NA
53.764187	363.059998
53.932816	357.970001
51.787491	365.149994
51.768757	366.76001
52.752422	366.600006
53.464405	376.790009
52.134121	365.709991
51.206665	348.420013
50.972458	337.029999
51.075508	332.970001
51.009933	315.380005
51.656338	319.769989
51.431503	295.390015
NA	326.089996
50.288578	316.130005
50.616467	333.869995
51.103615	332.799988
49.585964	310.119995
49.27681	300.359985
50.803829	317.690002
51.028667	334.959991
52.415165	335.350006
53.061569	338.529999
53.033466	344.970001
51.843704	347.26001
52.555687	334.399994
52.387058	344.429993
53.286407	346.049988
52.583794	347.309998
53.492508	302.26001
53.314514	NA
53.192726	298.920013
53.782925	287.589996
54.616695	291.51001
57.296005	297.040009
56.499706	296.380005
57.436527	297.459991
57.296005	308.769989
57.94241	307.019989
57.530209	312.209991
56.340446	312.890015
56.668335	321.350006
56.612125	317.220001
54.21386	307.51001
53.033466	305.799988
53.183357	312.839996
53.042835	311.809998
53.089672	308.170013
53.932816	303.769989
55.862667	307.880005
55.188156	NA
55.197521	305.640015
56.181187	302.559998
56.143715	291.230011
55.965717	294.709991
56.949383	298.769989
56.649597	297.859985
56.865067	314.73999
56.424759	319.880005
56.818226	294.790009
56.518444	285.359985
56.368549	276.540009
55.684669	276.23999
54.082706	276.589996
53.57682	284.140015
55.019527	290.920013
54.860268	283.359985
55.253735	288.959991
55.085106	289.959991
55.909508	275.429993
56.4716	269.48999
57.708202	267.470001
56.733913	273.600006
56.003189	274.019989
53.942184	264.529999
52.930416	260.420013
53.286407	267.769989
54.794693	274.829987
54.232597	278.619995
55.188156	279.859985
56.818226	289.179993
57.370953	285.880005
58.111038	291.809998
58.429558	267.779999
58.232826	274.959991
57.801888	273.200012
57.136745	272.309998
56.986855	276.059998
57.455265	268.420013
58.298401	267.700012
58.242191	266.380005
58.111038	273.359985
59.291435	271.230011
59.834789	273.26001
NA	262.75
58.766815	263.899994
56.677704	258.660004
55.797092	247.630005
57.061798	235.139999
57.174217	241.470001
56.977486	238.690002
NA	234.009995
57.061798	244.100006
56.462234	255.029999
55.150681	255.339996
54.607327	247.059998
54.354385	244.839996
52.658737	241.979996
52.209064	239.520004
50.934986	227.009995
49.754593	232.309998
49.267445	231.949997
48.714718	228.330002
48.424305	211.029999
47.440639	205.360001
48.133892	205.080002
47.731056	192.729996
46.812973	195.490005
46.827023	190.630005
52.490108	NA
52.930416	188.699997
53.258301	189.860001
52.921051	188.220001
50.513416	185.160004
50.822567	178.970001
52.995995	193.600006
52.649368	196.589996
49.27681	205.949997
50.297947	204.5
51.600132	212.880005
52.199696	217.100006
51.515816	209.259995
52.096645	213.910004
52.218433	214.919998
52.639999	225.029999
54.73	224.740005
54.580002	226.429993
54.849998	219.619995
56.150002	221.860001
55.59	223.639999
54.459999	219.759995
54.5	219.270004
54.450001	222.839996
55.290001	223.460007
54.869999	227.169998
54.27	224.550003
54.439999	234.899994
54.470001	NA
54.669998	233.100006
53.630001	230.339996
52.389999	230.059998
51.900002	238.919998
51.52	238.600006
52.009998	245.080002
52.41	253.5
52.59	252.380005
52.18	254.860001
51.380001	253.539993
51.060001	258.179993
51.290001	255.679993
52.59	260.170013
53.169998	264.880005
52.290001	228.820007
52.419998	228.039993
51.889999	235.770004
50.860001	242.259995
50.540001	241.610001
50.310001	233.850006
49.174999	234.339996
49.764999	228.320007
50.610001	230.75
50.98	233.419998
51.650002	238.300003
50.91	235.009995
50.130001	229.009995
50.580002	235
48.740002	219.619995
47.805	215.639999
48.345001	219.940002
49.195	226.830002
48.75	225.860001
50.57	220.830002
51.16	222.149994
50.470001	211.399994
50.830002	215
51.66	214.080002
51.529999	215.589996
51.810001	221.710007
52.16	225.610001
52	NA
52.43	225.009995
53.700001	220.679993
NA	229.580002
55.209999	227.449997
56.450001	231.789993
56.779999	235.539993
56.189999	247.100006
56.34	245.869995
58	245.199997
57.110001	242.809998
56.860001	244.789993
56.439999	243.490005
56.060001	246.600006
56.380001	240.619995
55.349998	241.229996
54.459999	223.210007
53.740002	228.699997
52.93	242.559998
53.040001	242.130005
52.66	240.869995
52.099998	244.690002
50.889999	243.130005
50.419998	233.029999
50.279999	231.429993
50.419998	237.720001
50.400002	240.050003
50.5	244.529999
50.799999	244.740005
53.400002	247.889999
53.77	256.959991
54.5	257.890015
55.119999	259.75
54.860001	261.970001
48.560001	256.950012
49.084999	253.5
49.005001	255.580002
48.985001	254.679993
48.955002	299.679993
49.029999	328.130005
49.685001	327.709991
49.400002	316.220001
47.415001	315.01001
45.759998	314.920013
46.724998	313.309998
47.105	317.470001
46.884998	317.220001
46.139999	326.579987
47.445	335.540009
46.744999	337.140015
46.165001	345.089996
45.689999	349.929993
44.875	346.109985
44.220001	349.350006
44.450001	352.170013
43.525002	349.98999
44.060001	359.519989
43.880001	352.220001
